,disp_prop,alphavar,gammavar,betavar,betavar_,alphavar corner,alphavar side,alphavar center,size corner,size side,size center
0,0.05,0.011977677,0.001560881,0.010416796,7.673662496,0.450356174,0.436097893,0.097903989,94.262,99.583,104.34
1,0.05,0.012172456,0.001299261,0.010873195,9.36875581,0.454851121,0.431072699,0.106058569,93.925,98.337,104.396
2,0.05,0.012774934,0.001542278,0.011232656,8.283156726,0.459309205,0.440497913,0.115507531,94.215,97.854,104.332
3,0.05,0.012248304,0.001431503,0.010816801,8.556255113,0.446794661,0.437430934,0.109996842,93.727,98.413,104.152
4,0.05,0.012083457,0.001418213,0.010665244,8.520198576,0.462921332,0.42623199,0.100146704,93.059,97.839,104.98
5,0.05,0.011975963,0.001626083,0.010349881,7.364917304,0.448537762,0.425766613,0.109161952,94.617,98.421,104.78
6,0.05,0.011973638,0.001188087,0.01078555,10.07807722,0.449028002,0.440732861,0.094815952,93.698,99.248,105.468
7,0.05,0.012709769,0.001411617,0.011298151,9.003691784,0.466664043,0.443454833,0.103856681,93.782,98.276,102.72
8,0.05,0.012409768,0.00127946,0.011130308,9.699220119,0.440203927,0.460557673,0.100244403,94.483,98.335,102.968
9,0.05,0.0123126,0.001439013,0.010873587,8.556283505,0.434336788,0.452782762,0.10926657,94.204,97.573,103.136
10,0.05,0.011813099,0.001272148,0.010540951,9.28594441,0.437070296,0.440158041,0.099800735,94.741,97.979,105.484
11,0.05,0.012150391,0.001499078,0.010651312,8.10524004,0.46545438,0.421007386,0.106040461,92.839,98.936,102.268
12,0.05,0.012005648,0.001238366,0.010767282,9.694747332,0.446719452,0.432524095,0.105629347,93.861,99.018,105.244
13,0.05,0.012058455,0.001393872,0.010664583,8.651048439,0.462611172,0.436524179,0.089555659,93.531,97.326,103.996
14,0.05,0.012591894,0.001391112,0.011200782,9.051672252,0.455488901,0.441895082,0.111031046,94.321,99.211,103.888
15,0.05,0.012600678,0.001452189,0.011148489,8.677023417,0.45819095,0.448643327,0.102540149,94.686,98.496,103.324
16,0.05,0.012821522,0.00129173,0.011529793,9.92585608,0.456893883,0.447160598,0.113005295,94.821,98.62,102.492
17,0.05,0.011828152,0.001331449,0.010496703,8.883670878,0.459222855,0.423579855,0.095662369,94.267,97.019,104.092
18,0.05,0.01249713,0.001383321,0.011113809,9.034149662,0.441406443,0.457131398,0.105957665,94.394,97.195,104.404
19,0.05,0.012437979,0.00142437,0.011013609,8.732267897,0.450993715,0.446924423,0.104397329,93.629,98.337,103.616
20,0.1,0.012942415,0.001344687,0.011597728,9.624853496,0.474680677,0.430662975,0.117707232,89.367,97.148,106.632
21,0.1,0.012367257,0.001595116,0.010772141,7.753200825,0.457172256,0.443679291,0.099952921,89.143,97.607,105.324
22,0.1,0.012467563,0.001448546,0.011019017,8.606950678,0.457975724,0.446485637,0.100629926,89.335,98.041,107.276
23,0.1,0.012134966,0.001362377,0.01077259,8.907204293,0.471924757,0.423460174,0.098171335,88.505,97.696,107.848
24,0.1,0.013038631,0.001427802,0.011610829,9.131959267,0.488204907,0.446472774,0.096022528,88.748,97.391,108.316
25,0.1,0.012568774,0.001376653,0.011192121,9.129949049,0.463144462,0.433879851,0.111247309,89.135,97.081,108.128
26,0.1,0.013578114,0.001802698,0.011775416,7.53210641,0.503152336,0.448012815,0.100450555,88.245,97.629,106.748
27,0.1,0.012496992,0.001614267,0.010882725,7.741588691,0.4789064,0.431490337,0.09794398,88.803,97.071,108.164
28,0.1,0.013140826,0.00167758,0.011463246,7.833203122,0.480364379,0.448851024,0.103582237,89.178,97.447,108.308
29,0.1,0.012333918,0.001869007,0.010464911,6.599182803,0.475020743,0.432344394,0.095013784,89.177,96.825,109.964
30,0.1,0.012392533,0.001418779,0.010973754,8.734646288,0.460133206,0.434118245,0.10716232,90.111,98.359,107.936
31,0.1,0.012422192,0.001603806,0.010818386,7.74544423,0.472467088,0.432392973,0.099701738,89.233,97.558,106.34
32,0.1,0.01199057,0.001259348,0.010731222,9.521252356,0.461228035,0.431469352,0.09475929,88.664,97.727,107.184
33,0.1,0.012664123,0.001293111,0.011371012,9.793531048,0.451671949,0.454912718,0.105357166,89.413,96.509,108.256
34,0.1,0.012690123,0.001326644,0.011363479,9.56558449,0.466038695,0.444823382,0.10322245,89.465,97.154,107.856
35,0.1,0.012469137,0.001666696,0.010802441,7.481349539,0.460336978,0.442717529,0.101940194,90.1,96.809,108.236
36,0.1,0.012964908,0.00167611,0.011288798,7.73511606,0.469560577,0.445720767,0.109132319,89.83,96.641,108.032
37,0.1,0.012252864,0.001508005,0.010744859,8.125213318,0.462559893,0.428415801,0.10575455,88.019,96.646,107.704
38,0.1,0.013539,0.001391709,0.012147291,9.728326599,0.482108226,0.455841751,0.109265721,89.211,98.001,107.068
39,0.1,0.012870642,0.001641109,0.011229533,7.842648034,0.452231681,0.457732586,0.10965829,89.938,97.085,107.74
40,0.15,0.013232107,0.001722364,0.011509743,7.682526626,0.48689506,0.459313091,0.094136654,83.544,96.76,111.728
41,0.15,0.012865796,0.001656328,0.011209468,7.767660989,0.474465283,0.451628459,0.097741924,84.97,96.189,110.856
42,0.15,0.012694746,0.001500697,0.011194049,8.459232333,0.487017348,0.423632954,0.107012913,83.794,96.692,109.184
43,0.15,0.01330798,0.001820546,0.011487434,7.30988288,0.515606853,0.430354778,0.099489854,83.953,95.58,109.632
44,0.15,0.013512305,0.001717109,0.011795196,7.869219764,0.511559597,0.443891174,0.097369844,83.595,95.947,109.292
45,0.15,0.012292469,0.001421821,0.010870648,8.645580491,0.486964659,0.420207203,0.096337635,84.478,96.403,110.564
46,0.15,0.0127217,0.001537417,0.011184283,8.274724737,0.470150317,0.442166174,0.104345865,84.123,95.092,109.308
47,0.15,0.01285981,0.001637897,0.011221913,7.851415119,0.496634124,0.426413314,0.102909168,83.593,95.838,110.768
48,0.15,0.012935331,0.001637,0.011298331,7.901852965,0.47017984,0.449590906,0.105047524,84.38,95.918,110.776
49,0.15,0.01255159,0.001642859,0.01090873,7.640088502,0.470036231,0.43543108,0.104716589,84.341,96.221,109.572
50,0.15,0.012630775,0.001626145,0.011004629,7.767309186,0.484019334,0.438117598,0.094350266,84.994,95.27,110.412
51,0.15,0.013532777,0.001507343,0.012025433,8.977898244,0.497349764,0.455435031,0.098937672,84.451,96.266,109.348
52,0.15,0.012705548,0.001587363,0.011118186,8.004187438,0.469815873,0.448871918,0.098674944,83.771,96.772,112.34
53,0.15,0.012686187,0.001479648,0.011206538,8.573784258,0.491230714,0.435115503,0.093777961,83.458,95.622,110.98
54,0.15,0.013380318,0.001783544,0.011596774,7.502096352,0.519859415,0.43543941,0.093676631,84.302,95.418,108.848
55,0.15,0.013256841,0.001506588,0.011750253,8.799246244,0.493843371,0.43843206,0.107885253,83.433,96.672,110.784
56,0.15,0.01322035,0.001613977,0.011606373,8.191162826,0.492861697,0.436643737,0.108327177,84.103,95.546,111.116
57,0.15,0.012591982,0.001361733,0.01123025,9.247030325,0.492094898,0.424200668,0.09890037,84.18,95.823,110.548
58,0.15,0.013341207,0.001581015,0.011760191,8.438378386,0.487092336,0.449623686,0.105569749,83.506,96.37,110.044
59,0.15,0.013167169,0.001657333,0.011509836,7.944791971,0.492540839,0.442917091,0.101527418,84.018,95.577,110.452
60,0.2,0.012687781,0.001316969,0.011370812,9.634074258,0.498014119,0.424932956,0.099308565,79.262,94.58,113.352
61,0.2,0.013153369,0.001488714,0.011664655,8.835387868,0.5132127,0.429051522,0.099650066,79.833,95.092,112.42
62,0.2,0.013195295,0.001479481,0.011715814,8.918865247,0.512812606,0.437844438,0.094108895,78.949,95.078,112.86
63,0.2,0.013947141,0.001666797,0.012280344,8.367632631,0.522457659,0.450850267,0.09991746,79.184,95.165,114.232
64,0.2,0.013040858,0.00156532,0.011475538,8.331113443,0.506218771,0.437341163,0.094319263,79.58,94.587,112.364
65,0.2,0.013673186,0.002038828,0.011634358,6.70639498,0.518158505,0.443257617,0.100589102,79.395,94.896,112.82
66,0.2,0.013124256,0.001445441,0.011678815,9.079757405,0.49647925,0.445894174,0.096594848,79.615,94.892,113.936
67,0.2,0.013860525,0.001561323,0.012299203,8.877424822,0.521459866,0.444399924,0.102262111,79.36,93.195,110.888
68,0.2,0.01268165,0.001644833,0.011036817,7.7099941,0.502028042,0.430301393,0.091862379,79.819,94.951,113.928
69,0.2,0.012488359,0.001274916,0.011213442,9.795434111,0.507178989,0.418306479,0.091855532,79.645,93.916,113.024
70,0.2,0.013589428,0.001800555,0.011788873,7.547356274,0.509315189,0.443637504,0.103719728,79.436,93.953,115.148
71,0.2,0.012812217,0.001877294,0.010934923,6.82483253,0.472711876,0.449452386,0.100400292,79.606,94.952,112.412
72,0.2,0.013532606,0.001699515,0.011833091,7.962628727,0.517560571,0.436208589,0.102360956,79.212,93.871,113.024
73,0.2,0.012308216,0.001729625,0.010578591,7.116118699,0.488718562,0.428335594,0.091020477,79.714,93.68,115.284
74,0.2,0.013475152,0.001834077,0.011641076,7.347104161,0.514720182,0.438252109,0.100783885,79.462,94.618,114.512
75,0.2,0.013419001,0.001877672,0.011541329,7.14661621,0.519846462,0.442686156,0.091840209,79.294,94.962,113.068
76,0.2,0.013534056,0.001815229,0.011718827,7.455839869,0.50550795,0.44610885,0.102482111,78.997,94.126,112.104
77,0.2,0.012921217,0.001618231,0.011302986,7.984780776,0.494846175,0.441062477,0.095052214,79.819,94.199,112.336
78,0.2,0.013025139,0.001594405,0.011430735,8.16928082,0.502933121,0.442991332,0.091208213,79.481,94.977,112.884
79,0.2,0.013515992,0.001262657,0.012253335,10.70440691,0.525187477,0.429586732,0.101662889,80.267,95.559,112.68
80,0.25,0.013518278,0.00155634,0.011961938,8.685941213,0.525559495,0.445837437,0.090613011,75.134,92.654,114.928
81,0.25,0.013754866,0.00174329,0.012011577,7.890179012,0.534252825,0.442673197,0.094961541,74.918,92.322,117.144
82,0.25,0.013421739,0.001833225,0.011588514,7.321380901,0.50477079,0.452880896,0.09576841,74.906,92.605,113.268
83,0.25,0.013404919,0.001406811,0.011998108,9.528584448,0.538433952,0.433617792,0.089575531,74.65,93.453,114.924
84,0.25,0.013468777,0.00152706,0.011941717,8.820070252,0.525104785,0.445652209,0.090483831,74.156,93.234,115.428
85,0.25,0.014220999,0.001405712,0.012815287,10.11658016,0.542672368,0.461544523,0.087362521,75.222,92.759,115.636
86,0.25,0.013600316,0.001879441,0.011720875,7.236362768,0.516943024,0.438934511,0.104004086,75.409,93.599,115.636
87,0.25,0.013190058,0.001705148,0.011484911,7.735435381,0.520169843,0.43126919,0.096704692,74.76,92.834,116.912
88,0.25,0.01375874,0.001732115,0.012026625,7.943316942,0.49919487,0.464744804,0.099996263,74.147,93.316,115.216
89,0.25,0.013138864,0.001773884,0.01136498,7.406835605,0.510928234,0.439088156,0.095264708,73.399,92.766,114.064
90,0.25,0.013998288,0.001979991,0.012018297,7.069873299,0.522419038,0.455386984,0.098750422,74.703,92.808,112.152
91,0.25,0.013148753,0.001597665,0.011551088,8.229982319,0.509983412,0.435334653,0.097923929,75.873,93.187,113.976
92,0.25,0.01395783,0.001859961,0.012097869,7.504366663,0.515435522,0.445430308,0.110952379,74.143,93.009,115.812
93,0.25,0.013569247,0.001687864,0.011881383,8.039303429,0.501996661,0.456610096,0.098620441,75.339,92.491,114.412
94,0.25,0.01349794,0.001187658,0.012310282,11.36517133,0.514516966,0.450382936,0.093900459,74.706,93.331,114.72
95,0.25,0.014496535,0.001684143,0.012812393,8.607664008,0.533159981,0.450885526,0.110178542,75.268,92.762,115.552
96,0.25,0.013534721,0.001497989,0.012036732,9.035259908,0.518355462,0.445881707,0.096456554,73.723,92.795,113.152
97,0.25,0.013244199,0.001875709,0.01136849,7.060903053,0.517333383,0.437189313,0.095159959,74.219,92.498,113.748
98,0.25,0.013096309,0.001705883,0.011390426,7.677142103,0.491841284,0.461535958,0.08787057,74.88,93.319,115.656
99,0.25,0.013324545,0.001833257,0.011491288,7.268237616,0.519647502,0.438386824,0.094777714,75.026,92.298,114.612
100,0.3,0.014226974,0.001909659,0.012317315,7.450006414,0.561921507,0.440797597,0.09523403,70.566,91.502,117.96
101,0.3,0.01376292,0.001665035,0.012097886,8.265845125,0.546151999,0.442055404,0.091121076,70.519,92.357,117.704
102,0.3,0.013928842,0.001958416,0.011970425,7.112298338,0.529522456,0.442221387,0.104888582,71.153,91.68,117.376
103,0.3,0.013399005,0.001611725,0.01178728,8.313455882,0.516674795,0.457906504,0.086363715,69.974,91.147,116.932
104,0.3,0.014205966,0.001588189,0.012617778,8.944760857,0.536915688,0.456546374,0.09674038,70.77,90.206,116.808
105,0.3,0.014446081,0.001931389,0.012514692,7.479632824,0.553659534,0.442936447,0.104212119,71.054,91.415,117.924
106,0.3,0.012836676,0.001454047,0.011382629,8.828241985,0.502309748,0.43467698,0.096541837,69.871,90.694,113.908
107,0.3,0.01404644,0.001359303,0.012687138,10.33356269,0.551961115,0.440868396,0.096037767,69.705,91.087,115.188
108,0.3,0.013541703,0.001475163,0.01206654,9.179803454,0.525176664,0.454646601,0.087127163,69.721,90.229,114.788
109,0.3,0.013167165,0.001711654,0.011455511,7.692657091,0.55088668,0.417365782,0.09007453,71.029,91.569,117.688
110,0.3,0.01397828,0.001960481,0.012017799,7.130026501,0.533184123,0.452185871,0.09652419,69.99,90.655,115.716
111,0.3,0.013390798,0.001874486,0.011516312,7.143716908,0.534211479,0.433781447,0.094370469,69.776,91.686,115.996
112,0.3,0.013397969,0.001629232,0.011768737,8.22348588,0.522136216,0.424894202,0.108344017,70.363,90.925,117.148
113,0.3,0.014302704,0.001567375,0.012735328,9.125256577,0.547851021,0.45455921,0.094400917,70.706,91.556,115.672
114,0.3,0.014429515,0.001808267,0.012621249,7.979749359,0.562451844,0.447250897,0.095212074,70.146,91.072,115.784
115,0.3,0.014464778,0.001943093,0.012521685,7.444203168,0.565034862,0.453596383,0.090321058,69.701,91.119,117.328
116,0.3,0.014560214,0.001810617,0.012749596,8.041574,0.536731891,0.456984026,0.106464905,70.661,91.73,114.996
117,0.3,0.013065418,0.001436746,0.011628672,9.09375586,0.53518125,0.422291265,0.092454603,71.232,91.073,116.832
118,0.3,0.013862818,0.002086461,0.011776357,6.644178027,0.543995056,0.451905596,0.087347328,69.889,91.615,116.392
119,0.3,0.014053192,0.001767724,0.012285468,7.949878908,0.552066283,0.433659859,0.10271386,69.693,91.235,116.02
120,0.35,0.015232811,0.002384683,0.012848128,6.38777303,0.612343373,0.442780542,0.094456829,64.918,88.42,116.676
121,0.35,0.014146318,0.002073679,0.012072639,6.821844347,0.547326076,0.456060688,0.091941912,65.667,88.289,116.28
122,0.35,0.014637068,0.001998582,0.012638486,7.323726094,0.5490557,0.475117891,0.089335267,66.247,89.164,116.472
123,0.35,0.013706668,0.001790346,0.011916321,7.655874666,0.523386674,0.462111143,0.088935627,65.991,88.861,115.508
124,0.35,0.014771059,0.001624534,0.013146526,9.092491375,0.57233647,0.460903646,0.090464661,66.106,89.178,117.172
125,0.35,0.01439981,0.002362319,0.01203749,6.095623637,0.565080639,0.446208658,0.09642695,65.398,88.893,115.968
126,0.35,0.013831791,0.001690608,0.012141183,8.181548446,0.55351359,0.431098881,0.099101959,66.3,90.173,115.896
127,0.35,0.013890844,0.001912398,0.011978446,7.263572915,0.558434727,0.439950118,0.091604574,65.946,89.501,116.856
128,0.35,0.014664718,0.001920473,0.012744245,7.635992686,0.568252521,0.445138938,0.102445735,65.68,89.36,116.256
129,0.35,0.014262477,0.002055456,0.012207021,6.938838372,0.567950143,0.439279276,0.09642092,65.846,88.403,116.984
130,0.35,0.015577384,0.001651179,0.013926206,9.434098747,0.576625538,0.472238539,0.100585906,65.859,89.291,118.284
131,0.35,0.013985086,0.001835791,0.012149296,7.618018152,0.569253303,0.437972629,0.089210642,66.178,89.919,117.052
132,0.35,0.015206672,0.00210845,0.013098222,7.212251728,0.563861415,0.481508809,0.091158032,65.621,88.521,117.464
133,0.35,0.013649973,0.001629062,0.012020911,8.37903777,0.543044863,0.440331815,0.09290439,66.428,89.265,116.524
134,0.35,0.01338972,0.001718427,0.011671293,7.791846596,0.527873504,0.436201109,0.097602953,66.233,88.97,116.38
135,0.35,0.013819458,0.001773771,0.012045687,7.791006656,0.541720607,0.447747496,0.093590567,65.181,89.581,116.976
136,0.35,0.013001891,0.001661964,0.011339926,7.823207279,0.537507416,0.418822057,0.095306174,66.269,89.501,117.716
137,0.35,0.014269004,0.002302255,0.011966749,6.197839126,0.550835456,0.448532258,0.098824843,65.863,88.874,116
138,0.35,0.01411098,0.001528301,0.012582679,9.233116526,0.514832605,0.473097857,0.096576841,65.409,88.544,116.14
139,0.35,0.014401319,0.002193253,0.012208066,6.566191386,0.569075786,0.447693919,0.092753424,66.373,89.226,117.504
140,0.4,0.01431887,0.002235017,0.012083853,6.406605689,0.549853455,0.462023014,0.093239808,61.429,86.764,117.184
141,0.4,0.014568701,0.002000861,0.012567841,7.281217743,0.558977611,0.463418801,0.093211132,61.694,87.364,115.364
142,0.4,0.013703055,0.001665081,0.012037973,8.22966144,0.538163455,0.457447669,0.086973441,61.668,86.935,117.508
143,0.4,0.013839496,0.00159255,0.012246946,8.690149959,0.538215063,0.456987329,0.090207605,62.795,87.393,117.516
144,0.4,0.014846954,0.002194777,0.012652177,6.764676118,0.585286252,0.458742666,0.090007264,61.583,86.887,116.62
145,0.4,0.013608921,0.001942678,0.011666243,7.005238596,0.536437251,0.453785495,0.087502346,62.045,85.583,116.888
146,0.4,0.01405607,0.001967055,0.012089015,7.145742938,0.556263702,0.453667282,0.088594696,62.145,87.226,115.936
147,0.4,0.013847718,0.001807122,0.012040596,7.662857899,0.543272379,0.448202769,0.094234691,62.194,86.147,117.172
148,0.4,0.014363423,0.001804672,0.012558751,7.959022651,0.558335465,0.450314346,0.098598337,61.135,86.679,116.144
149,0.4,0.014379769,0.001917718,0.012462051,7.498376356,0.560886281,0.454123347,0.094018318,62.546,86.33,117.736
150,0.4,0.014314118,0.001939484,0.012374633,7.380373075,0.56893652,0.449910858,0.091777894,61.717,86.669,117.364
151,0.4,0.014951233,0.001773127,0.013178106,8.432126914,0.563892751,0.471882672,0.094143953,61.144,86.07,115.756
152,0.4,0.014290652,0.001816833,0.01247382,7.865694476,0.557190199,0.454799109,0.093283055,62.768,87.572,118.244
153,0.4,0.014992136,0.002105668,0.012886468,7.119895673,0.582853926,0.452589775,0.099049406,61.789,86.165,116.896
154,0.4,0.013709564,0.002212112,0.011497451,6.197498555,0.551193214,0.441865824,0.091203796,62.688,86.727,118.224
155,0.4,0.014545011,0.002227498,0.012317513,6.529753801,0.548926378,0.460343444,0.099998789,62.624,87.216,116.412
156,0.4,0.014394206,0.002292007,0.012102198,6.280174854,0.570829943,0.442923967,0.097523899,62.199,86.877,116.36
157,0.4,0.014824346,0.002112833,0.012711512,7.016334716,0.579029115,0.44948318,0.100345241,60.691,86.23,116.28
158,0.4,0.014059148,0.001718661,0.012340487,8.180289688,0.559631955,0.444613452,0.094353726,62.189,88.526,117.152
159,0.4,0.014228676,0.001598793,0.012629882,8.899634223,0.587597711,0.43522719,0.090732188,61.748,87.052,116.632
160,0.45,0.014670043,0.001834615,0.012835428,7.996251719,0.575270621,0.452713692,0.096794588,59.075,84.056,117.176
161,0.45,0.01458177,0.001742952,0.012838818,8.366134166,0.568535823,0.447138994,0.102891989,58.403,85.099,116.912
162,0.45,0.014968038,0.001958167,0.013009871,7.643902056,0.584812858,0.46562021,0.090686802,58.297,84.742,117.428
163,0.45,0.014354513,0.001671705,0.012682808,8.586749679,0.562439402,0.461057623,0.089546363,59.416,85.574,117.332
164,0.45,0.014555182,0.002055394,0.012499788,7.081455613,0.584984896,0.448084135,0.093773161,57.535,84.694,117.08
165,0.45,0.014833108,0.001968415,0.012864693,7.535559519,0.595047152,0.451065694,0.093123925,58.128,84.854,116.968
166,0.45,0.015012585,0.001856447,0.013156138,8.086728401,0.58116111,0.468632013,0.091319862,57.78,84.258,115.976
167,0.45,0.014952233,0.002159221,0.012793011,6.924826243,0.592567411,0.457155119,0.092622837,58.466,84.573,118.336
168,0.45,0.014513807,0.002182825,0.012330982,6.649093571,0.596491531,0.439142825,0.093010985,58.299,85.121,116.984
169,0.45,0.014947509,0.001966369,0.01298114,7.601577231,0.583385604,0.466981605,0.089867726,58.564,84.989,117.116
170,0.45,0.014125552,0.001771725,0.012353827,7.972767119,0.55878702,0.452768756,0.092336751,58.979,84.648,117.592
171,0.45,0.015394423,0.001966224,0.013428199,7.829435829,0.597582798,0.466287614,0.093721372,57.969,83.636,116.704
172,0.45,0.015680911,0.002306557,0.013374354,6.798406821,0.582665652,0.476052992,0.101024882,58.271,84.346,116.232
173,0.45,0.015156804,0.002161728,0.012995076,7.011428748,0.581117151,0.466710854,0.096108227,58.757,85.453,116.916
174,0.45,0.014803177,0.001694812,0.013108365,8.734405772,0.567289782,0.462504371,0.097999221,58.217,85.608,117.828
175,0.45,0.014824957,0.002088115,0.012736842,7.099684179,0.600655874,0.450032363,0.091141826,58.06,84.545,118.376
176,0.45,0.015409617,0.002243204,0.013166412,6.869466083,0.585289648,0.470205479,0.097799302,57.319,84.072,115.36
177,0.45,0.015333839,0.001842002,0.013491838,8.324552293,0.607865641,0.461785053,0.090888807,58.27,85.136,117.552
178,0.45,0.014534185,0.001947594,0.012586591,7.462635228,0.574625225,0.445829624,0.099514147,58.544,84.491,117.056
179,0.45,0.014573093,0.001590685,0.012982408,9.1615192,0.578499248,0.45541539,0.092214828,58.001,85.167,118.012
180,0.5,0.015947221,0.001981967,0.013965254,8.046158146,0.601151271,0.484540611,0.094404757,54.067,82.299,114.976
181,0.5,0.015007175,0.001942712,0.013064463,7.724859299,0.575767139,0.469755133,0.094797613,54.814,82.995,114.656
182,0.5,0.01469985,0.00202435,0.0126755,7.261514967,0.591335805,0.44591767,0.09729102,54.946,83.044,114.74
183,0.5,0.014853162,0.002141564,0.012711598,6.935661169,0.561177304,0.470306361,0.098518272,53.994,81.766,116.68
184,0.5,0.015530532,0.002207692,0.01332284,7.034736811,0.601357711,0.46027372,0.101992947,55.189,82.603,117.16
185,0.5,0.016479556,0.00269083,0.013788726,6.12433887,0.622628651,0.48072312,0.098646984,55.066,82.554,116.588
186,0.5,0.016185998,0.002497074,0.013688924,6.481985421,0.613044612,0.479218979,0.098385676,54.584,82.373,117.736
187,0.5,0.015406448,0.002017445,0.013389002,7.636612098,0.597978739,0.467008634,0.096466825,53.937,81.307,116.356
188,0.5,0.014894528,0.002037977,0.01285655,7.308485314,0.600699497,0.446151107,0.096989243,55.034,82.451,115.332
189,0.5,0.015631553,0.001873313,0.01375824,8.344336472,0.623706376,0.466754841,0.089636861,54.636,82.007,117.5
190,0.5,0.014888776,0.002480564,0.012408212,6.00217307,0.598034707,0.449579813,0.096421616,54.606,82.425,116.64
191,0.5,0.015626008,0.002349061,0.013276947,6.652022619,0.601305055,0.472148044,0.095534482,54.878,81.862,116.516
192,0.5,0.015488394,0.00224956,0.013238834,6.885077464,0.609030517,0.464543443,0.09428839,54.41,81.106,116.04
193,0.5,0.016644516,0.002348742,0.014295774,7.086565972,0.619115502,0.483170251,0.102324169,54.864,82.044,116.64
194,0.5,0.015175303,0.001856673,0.01331863,8.173384161,0.58862861,0.468791557,0.093328892,55.06,82.505,116.476
195,0.5,0.015707129,0.002587714,0.013119415,6.069885537,0.647018597,0.453224613,0.089687451,54.69,81.931,116.532
196,0.5,0.015973462,0.002478911,0.013494551,6.443741996,0.637883349,0.459726524,0.095239007,54.549,82.071,115.552
197,0.5,0.014957675,0.002014293,0.012943382,7.425770312,0.591010001,0.464752688,0.090369587,54.616,82.585,115.8
198,0.5,0.015385092,0.002433015,0.012952077,6.323468527,0.579736345,0.473691453,0.099036441,54.642,82.223,115.492
199,0.5,0.015917226,0.002348725,0.013568501,6.776964182,0.615460356,0.461721496,0.102399058,55.402,82.298,116.536
200,0.55,0.014860278,0.001864473,0.012995805,7.970229129,0.592837041,0.467962712,0.087391063,51.507,79.543,116.288
201,0.55,0.016104964,0.002396001,0.013708963,6.721601722,0.622654457,0.469295713,0.100884986,50.814,78.962,114.148
202,0.55,0.015293202,0.002356364,0.012936838,6.490168713,0.603967339,0.467824054,0.091767308,52.126,80.303,115.932
203,0.55,0.016058738,0.00223288,0.013825858,7.191939944,0.619511183,0.461541982,0.106663657,51.252,80.034,114.508
204,0.55,0.016629159,0.002310205,0.014318954,7.198131942,0.626676856,0.480844389,0.101491391,52.266,80.351,114.72
205,0.55,0.017031646,0.002308555,0.01472309,7.377620314,0.633723381,0.489104534,0.10194804,51.607,79.747,115.996
206,0.55,0.016794662,0.002619461,0.014175201,6.411494544,0.620390614,0.493210436,0.100064313,51.357,79.481,115.204
207,0.55,0.015512146,0.002431266,0.01308088,6.380274514,0.591635505,0.472992748,0.098766871,51.432,79.905,114.464
208,0.55,0.015554344,0.002316745,0.013237599,6.71387745,0.617944092,0.461146202,0.095795859,52.267,80.007,115.452
209,0.55,0.015519899,0.002148964,0.013370934,7.222036716,0.593292136,0.475743404,0.096533489,51.578,78.904,115
210,0.55,0.015051902,0.00194059,0.013111312,7.756354585,0.576283938,0.480655684,0.090106434,51.82,80.044,115.484
211,0.55,0.016153556,0.002366117,0.013787439,6.827031441,0.599783434,0.489590265,0.098095297,51.508,79.405,115.16
212,0.55,0.015334382,0.0018011,0.013533282,8.513900202,0.614222004,0.463943439,0.09166787,51.169,79.915,115.436
213,0.55,0.014540703,0.002053864,0.01248684,7.07968336,0.577750519,0.459829071,0.092446359,51.413,80.89,115.88
214,0.55,0.015699468,0.00223904,0.013460429,7.011697428,0.603805405,0.467583421,0.101521841,51.079,79.561,114.808
215,0.55,0.0172403,0.002842627,0.014397673,6.064917288,0.634470612,0.502718501,0.096968376,51.313,79.929,116.048
216,0.55,0.015415305,0.002180195,0.013235109,7.070606671,0.59449912,0.470710098,0.096962474,51.541,80.024,114.892
217,0.55,0.016133227,0.002531901,0.013601326,6.371982737,0.622969421,0.467760876,0.101669937,51.362,79.054,114.172
218,0.55,0.015515825,0.002457634,0.01305819,6.313317469,0.60071765,0.468097971,0.098253616,51.365,79.094,115.976
219,0.55,0.016331288,0.002163175,0.014168114,7.54968511,0.64058065,0.470337712,0.09718747,51.277,79.809,115.728
220,0.6,0.016127084,0.002291579,0.013835505,7.037541148,0.625224354,0.467445133,0.103335723,48.925,77.69,115.04
221,0.6,0.01722164,0.00283256,0.01438908,6.079885278,0.655888361,0.493861812,0.094748693,48.267,76.326,113.38
222,0.6,0.016021682,0.002990825,0.013030858,5.35694481,0.62266794,0.469888177,0.100629842,48.209,77.058,113.92
223,0.6,0.016006474,0.001937053,0.014069421,8.263311311,0.639551077,0.467245731,0.094501861,48.76,77.806,113.424
224,0.6,0.01681715,0.003203139,0.013614011,5.250209525,0.612742305,0.494863344,0.10446158,48.407,77.339,113.524
225,0.6,0.015934378,0.002034889,0.013899489,7.830589917,0.617012828,0.479029378,0.094071806,49.296,77.351,114.336
226,0.6,0.015601996,0.002290633,0.013311363,6.811214978,0.591779134,0.477102464,0.099681298,48.59,77.729,114.388
227,0.6,0.015839331,0.002662681,0.01317665,5.948640812,0.614148437,0.480896153,0.092720603,48.268,77.243,113.692
228,0.6,0.016846895,0.00296817,0.013878726,5.675853351,0.657912783,0.476105484,0.098147166,48.728,76.796,114.14
229,0.6,0.016096566,0.001826002,0.014270564,8.815198424,0.62570113,0.474798546,0.097523495,47.983,76.347,113.336
230,0.6,0.016816095,0.002719364,0.014096731,6.183833908,0.646657751,0.494444111,0.091178952,47.686,76.75,114.136
231,0.6,0.016276823,0.002443759,0.013833064,6.660568011,0.617145073,0.482496711,0.099295397,49.033,78.085,113.864
232,0.6,0.01531731,0.001977801,0.013339509,7.744614822,0.606157177,0.473744223,0.089410799,48.967,77.618,114.788
233,0.6,0.015991223,0.002793484,0.013197739,5.724473059,0.626061139,0.472629853,0.096496913,48.517,77.886,113.648
234,0.6,0.015598433,0.002203607,0.013394826,7.078591262,0.607829705,0.471870178,0.096706045,48.69,77.61,115.756
235,0.6,0.0160108,0.003035444,0.012975356,5.274614771,0.608358377,0.475685358,0.102622668,48.211,77.481,113.58
236,0.6,0.01582271,0.002024611,0.013798099,7.815186064,0.632709624,0.474300824,0.088605323,48.882,76.959,115.168
237,0.6,0.01528095,0.002139751,0.013141199,7.141461446,0.593649636,0.474075706,0.093661263,48.655,77.234,113.408
238,0.6,0.016346374,0.002361997,0.013984377,6.920574453,0.647594096,0.475738056,0.093003007,48.156,77.134,114.368
239,0.6,0.016430359,0.002598585,0.013831773,6.322808749,0.618781057,0.490922766,0.096443431,48.446,76.62,112.992
240,0.65,0.016954927,0.002895184,0.014059743,5.856252629,0.622327177,0.505450389,0.097934601,45.734,74.309,112.256
241,0.65,0.016125931,0.002414199,0.013711733,6.679620436,0.63151549,0.468963211,0.101340696,45.387,74.422,111.336
242,0.65,0.01574144,0.002407109,0.013334331,6.539563516,0.622955287,0.472220413,0.094175566,46.041,74.604,112.3
243,0.65,0.016469468,0.002517432,0.013952037,6.542171412,0.638102299,0.481839572,0.096482996,45.897,74.043,111.464
244,0.65,0.01658194,0.002109797,0.014472143,7.859495405,0.626137751,0.493500287,0.096436943,45.56,74.495,111.344
245,0.65,0.01624401,0.002276207,0.013967803,7.136436581,0.630758898,0.48480249,0.093429541,45.817,74.583,112.076
246,0.65,0.017427565,0.002928656,0.014498908,5.950703118,0.668366684,0.481626993,0.103835135,46.261,74.706,112.62
247,0.65,0.016199036,0.002347811,0.013851226,6.899635062,0.625191916,0.482150836,0.096372548,46.305,74.899,113.364
248,0.65,0.016396973,0.002388303,0.01400867,6.865532543,0.640329621,0.473722606,0.099787863,46.392,74.818,113.96
249,0.65,0.016255449,0.001994696,0.014260753,8.149335069,0.644541855,0.472166473,0.096022532,46.284,75.204,111.932
250,0.65,0.016887852,0.002736103,0.014151749,6.172227194,0.623227117,0.504892335,0.096206303,46.261,75.397,113.264
251,0.65,0.016423075,0.002679785,0.01374329,6.128505296,0.611142961,0.491984418,0.099919392,45.946,73.898,111.556
252,0.65,0.017198521,0.003071437,0.014127084,5.599503624,0.643260976,0.502768824,0.095396898,45.909,74.276,112.144
253,0.65,0.016856868,0.002330913,0.014525954,7.231872268,0.644304035,0.489776201,0.096751686,46.284,74.912,112.552
254,0.65,0.015845552,0.002145519,0.013700033,7.385416828,0.61002713,0.481325274,0.096241256,45.639,74.374,112.768
255,0.65,0.016237637,0.00280976,0.013427877,5.779012716,0.628744647,0.486193264,0.092924293,46.171,74.648,112.952
256,0.65,0.016863763,0.00268068,0.014183083,6.290852425,0.623523088,0.492796222,0.103085826,46.25,74.584,111.588
257,0.65,0.016906827,0.002650359,0.014256468,6.37907057,0.625680042,0.488366453,0.106527199,45.994,74.751,111.68
258,0.65,0.016070003,0.002517835,0.013552168,6.38246823,0.61890501,0.483768356,0.095209021,45.418,74.325,110.96
259,0.65,0.016246464,0.002945205,0.013301259,5.516241492,0.620758179,0.492382793,0.093013562,45.738,74.146,113.812
260,0.7,0.016015743,0.002345974,0.013669768,6.826904497,0.606254838,0.494182363,0.094089825,43.093,71.995,110.42
261,0.7,0.016279532,0.002373756,0.013905776,6.858130789,0.637483792,0.476356387,0.098915376,42.853,71.957,109.568
262,0.7,0.017279027,0.003061904,0.014217124,5.643230167,0.636214885,0.506688945,0.098818373,43.473,71.505,109.936
263,0.7,0.015785676,0.002314433,0.013471244,6.820538589,0.62311002,0.472162353,0.096800245,43.593,72.7,110.54
264,0.7,0.017052516,0.002279911,0.014772605,7.479465819,0.647330465,0.496704342,0.096912245,42.941,71.587,109.592
265,0.7,0.017226768,0.002853755,0.014373014,6.036527165,0.663153173,0.489520584,0.098493972,43.543,72.053,109.836
266,0.7,0.016551278,0.002364273,0.014187004,7.000576836,0.624502135,0.493871349,0.097936426,42.897,71.43,109.648
267,0.7,0.017828556,0.002694486,0.01513407,6.616681505,0.665944224,0.506829308,0.098813745,42.72,72.458,108.924
268,0.7,0.017479948,0.002612605,0.014867342,6.690619713,0.635996267,0.513785945,0.099002087,42.551,71.45,109.032
269,0.7,0.017396342,0.00288055,0.014515792,6.039242867,0.638767039,0.511448609,0.097610572,42.906,71.505,109.828
270,0.7,0.017302316,0.002713796,0.014588519,6.375686746,0.632227177,0.510077564,0.099322636,42.813,71.5,109.772
271,0.7,0.016653062,0.00249119,0.014161872,6.684781332,0.633498824,0.500821621,0.09189439,43.147,72.179,110.412
272,0.7,0.017036892,0.002709434,0.014327457,6.287988616,0.661492473,0.489073065,0.096257168,43.511,72.606,110.688
273,0.7,0.017406048,0.002935288,0.01447076,5.92992826,0.641471242,0.51029766,0.097357875,42.863,71.403,109.116
274,0.7,0.018149763,0.002326034,0.015823729,7.802879498,0.664704325,0.511945123,0.101564142,42.637,71.171,108.264
275,0.7,0.016926579,0.00272948,0.014197099,6.201393657,0.627042002,0.493280981,0.104655286,43.231,71.66,110.044
276,0.7,0.016190801,0.002338697,0.013852104,6.923001747,0.63877321,0.49635489,0.082874364,43.371,72.271,109.756
277,0.7,0.016917683,0.002693824,0.014223859,6.280173263,0.654666442,0.488542151,0.096096457,43.066,70.994,108.024
278,0.7,0.017386739,0.002237045,0.015149694,7.772190836,0.635487905,0.498925598,0.106840761,42.906,71.122,109.872
279,0.7,0.017040912,0.002533765,0.014507146,6.725528519,0.646034399,0.483036848,0.106115299,42.65,70.957,109.268
280,0.75,0.016231274,0.00248033,0.013750945,6.543998969,0.650525199,0.479984554,0.091274351,40.897,68.86,106.96
281,0.75,0.01661804,0.00255968,0.01405836,6.492233314,0.640108826,0.492324096,0.095351885,40.625,68.678,106.708
282,0.75,0.01794509,0.002399253,0.015545837,7.479448237,0.633743557,0.521953423,0.104449597,41.327,69.424,109.648
283,0.75,0.018601651,0.00285707,0.015744582,6.510744905,0.662724241,0.52258235,0.105216782,40.782,68.442,107.644
284,0.75,0.018444111,0.00291871,0.0155254,6.319267594,0.673088365,0.507143379,0.107606961,41.339,68.733,107.54
285,0.75,0.017395453,0.002824427,0.014571026,6.158932194,0.659459505,0.497713277,0.100334404,40.13,68.295,107.416
286,0.75,0.018167659,0.002789986,0.015377673,6.511737788,0.671439761,0.5092747,0.102944057,40.294,68.17,108.108
287,0.75,0.017456644,0.002670789,0.014785854,6.536136933,0.65277593,0.506106437,0.098320779,40.251,68.577,106.748
288,0.75,0.018559259,0.002921078,0.015638181,6.353564267,0.67925472,0.523451521,0.097519313,41.235,69.687,108.312
289,0.75,0.0166434,0.002234051,0.014409349,7.449875711,0.638361109,0.490993137,0.097232538,41.43,70.073,108.844
290,0.75,0.017708638,0.00279658,0.014912058,6.33224778,0.656091747,0.512981718,0.096927461,40.767,68.632,106.824
291,0.75,0.017714745,0.003167384,0.014547362,5.592863924,0.64603606,0.496145137,0.111594014,41.14,69.187,107.884
292,0.75,0.016652914,0.002335356,0.014317558,7.130780821,0.618766481,0.503235469,0.097195698,41.355,69.763,108.9
293,0.75,0.017159816,0.002341709,0.014818107,7.327902985,0.669342902,0.499673555,0.090753601,40.375,68.769,108.08
294,0.75,0.017079368,0.002508161,0.014571207,6.80951872,0.629331195,0.500302808,0.103337255,41.318,69.836,109.456
295,0.75,0.018435832,0.002804933,0.015630899,6.572646208,0.672332838,0.521059346,0.099845286,40.467,67.96,107.528
296,0.75,0.0176741,0.002715461,0.014958639,6.508691945,0.665009796,0.495283599,0.104139787,41.136,69.95,107.564
297,0.75,0.019293073,0.003350691,0.015942382,5.757939106,0.68565749,0.533874295,0.102248894,40.291,67.908,106.86
298,0.75,0.018525498,0.003351285,0.015174212,5.527878209,0.683046858,0.513612597,0.102290854,40.072,67.799,106.708
299,0.75,0.017524119,0.002574659,0.014949459,6.806383136,0.651109056,0.505006917,0.100624086,40.724,68.856,107.056
300,0.8,0.018048372,0.00267405,0.015374322,6.749452009,0.654854742,0.518104994,0.102256155,38.544,66.408,105.52
301,0.8,0.019056334,0.002899805,0.01615653,6.571592164,0.690290907,0.521792259,0.105254079,38.249,66.027,104.012
302,0.8,0.018025263,0.00285348,0.015171783,6.316941028,0.667250629,0.505871103,0.104814897,38.628,66.521,105.068
303,0.8,0.018368662,0.003514834,0.014853828,5.226040307,0.664620079,0.511980629,0.107506163,38.685,65.553,103.588
304,0.8,0.017868211,0.00262435,0.015243862,6.80862456,0.66990707,0.500974601,0.10407587,38.531,66.43,104.224
305,0.8,0.017557033,0.00255123,0.015005803,6.88179024,0.666665204,0.504914893,0.096904698,38.156,65.161,104.284
306,0.8,0.017798351,0.003199954,0.014598397,5.562064941,0.657132599,0.496633453,0.109970701,38.735,66.484,104.8
307,0.8,0.018561722,0.003028267,0.015533455,6.129486384,0.668195379,0.519823042,0.105444771,38.343,65.634,104.136
308,0.8,0.018714528,0.003638834,0.015075694,5.143001544,0.670297767,0.52267002,0.106028691,38.612,66.602,105.72
309,0.8,0.019169286,0.003153403,0.016015883,6.078920104,0.706045853,0.517176281,0.104075351,38.526,65.66,104.712
310,0.8,0.017891908,0.002499648,0.01539226,7.157771785,0.653868089,0.524639525,0.095215597,38.948,66.24,105.84
311,0.8,0.019487942,0.003369945,0.016117997,5.782866783,0.694451721,0.529209358,0.106716274,38.251,65.729,104.356
312,0.8,0.018378723,0.002982278,0.015396444,6.162645119,0.654058659,0.51672933,0.109679111,37.832,65.349,104.052
313,0.8,0.019433593,0.002958233,0.016475361,6.569325857,0.68969231,0.519827334,0.113471633,38.901,66.881,106.096
314,0.8,0.018041292,0.002928289,0.015113003,6.161035329,0.685494936,0.509017244,0.096816016,38.561,66.523,106.752
315,0.8,0.019060003,0.004134875,0.014925128,4.609571934,0.679510058,0.518097076,0.111538823,38.566,66.011,105.764
316,0.8,0.019431501,0.003117654,0.016313847,6.232731248,0.693490301,0.523322792,0.109674047,38.437,66.037,104.38
317,0.8,0.017639587,0.003230905,0.014408683,5.459643447,0.644038436,0.509965675,0.103773254,38.166,66.156,104.988
318,0.8,0.017897516,0.00266123,0.015236286,6.725279014,0.669757306,0.508227295,0.10023075,38.312,66.442,104.488
319,0.8,0.019191233,0.003164503,0.016026731,6.064533977,0.680283007,0.526645589,0.10780594,38.447,66.203,103.58
320,0.85,0.018446259,0.003007214,0.015439045,6.134002597,0.672575663,0.518288448,0.104128544,35.692,62.904,100.104
321,0.85,0.019932802,0.003789093,0.016143709,5.260572964,0.690934008,0.532860206,0.114855963,36.302,63.364,102.368
322,0.85,0.019840979,0.004064484,0.015776495,4.881548793,0.689177653,0.536845303,0.111030271,36.447,63.34,102.084
323,0.85,0.01960208,0.003100973,0.016501106,6.321266861,0.680298355,0.530432669,0.113729843,36.705,63.321,101.764
324,0.85,0.018860837,0.002991406,0.015869431,6.305007256,0.696908373,0.522529184,0.099568859,35.8,61.918,99.772
325,0.85,0.02000374,0.003711264,0.016292476,5.390007439,0.69164777,0.535011154,0.113420928,37.062,63.219,102.236
326,0.85,0.019056787,0.003133176,0.015923611,6.082258356,0.709610859,0.523264679,0.098437268,36.169,62.891,101.252
327,0.85,0.019943867,0.003323876,0.016619991,6.000183474,0.698036934,0.541627483,0.107065206,36.14,63.202,101.552
328,0.85,0.019444002,0.003846668,0.015597334,5.054764448,0.681817913,0.533712858,0.10882375,36.312,62.963,101.616
329,0.85,0.020529385,0.004435562,0.016093823,4.628361756,0.699291491,0.537630106,0.119499855,35.838,62.908,101.416
330,0.85,0.020371239,0.004223084,0.016148155,4.823782309,0.702056266,0.545733915,0.109930601,36.596,63.543,101.456
331,0.85,0.017817374,0.002522916,0.015294458,7.06221334,0.675546407,0.506486918,0.09802323,36.799,63.444,101.032
332,0.85,0.019015587,0.003429349,0.015586238,5.544954683,0.683576347,0.531644694,0.101718215,36.204,62.634,101.556
333,0.85,0.019421035,0.003415166,0.016005869,5.686702674,0.689516119,0.529225745,0.108443075,36.591,63.202,103.524
334,0.85,0.020639276,0.003145056,0.01749422,6.562450035,0.72089087,0.544638859,0.109042433,35.572,62.293,100.576
335,0.85,0.020659585,0.004728743,0.015930842,4.368938329,0.695395373,0.550019054,0.114586546,36.246,62.899,101.128
336,0.85,0.020720762,0.003912575,0.016808187,5.295939984,0.72124682,0.537183107,0.114771133,35.953,62.921,100.988
337,0.85,0.018481073,0.003798652,0.01468242,4.865165832,0.665948271,0.517593268,0.10744712,36.518,63.597,102.66
338,0.85,0.018702709,0.002701296,0.016001413,6.923605048,0.651791402,0.541536208,0.101213953,36.634,63.432,102.084
339,0.85,0.019024665,0.002916597,0.016108068,6.522898441,0.660672643,0.52861288,0.111834207,36.775,63.338,102.224
340,0.9,0.020479417,0.003083367,0.017396049,6.641899744,0.716751032,0.547843727,0.106905862,34.381,60.81,99.364
341,0.9,0.020017616,0.002916193,0.017101422,6.864296438,0.707842569,0.538954724,0.107639072,33.862,59.939,97.676
342,0.9,0.020912418,0.003917384,0.016995034,5.338362928,0.714387646,0.550015797,0.113224927,34.172,59.806,98.368
343,0.9,0.02084002,0.004237762,0.016602258,4.917694613,0.697096531,0.558289708,0.112896169,34.706,60.818,99.592
344,0.9,0.019013323,0.003321645,0.015691677,5.724068025,0.670113089,0.532930848,0.106850808,34.501,60.578,99.64
345,0.9,0.020945412,0.003931516,0.017013896,5.327565912,0.697466528,0.559525553,0.113913686,34.707,60.878,99.796
346,0.9,0.018940418,0.003150181,0.015790237,6.012485047,0.689261806,0.533227123,0.098297316,34.727,60.632,99.34
347,0.9,0.019340174,0.003194271,0.016145903,6.054643959,0.704215357,0.530802636,0.101630523,34.743,61.304,99.376
348,0.9,0.02236836,0.004269496,0.018098864,5.239110312,0.739580094,0.581144984,0.109236015,34.35,60.564,97.944
349,0.9,0.020852102,0.003204236,0.017647866,6.507667521,0.705595829,0.548121178,0.116585472,34.01,59.396,98.628
350,0.9,0.020379342,0.003756273,0.01662307,5.425416052,0.704933776,0.551540606,0.106922621,34.006,60.227,98.34
351,0.9,0.020497763,0.003547873,0.01694989,5.777478848,0.710796546,0.542557928,0.112261251,34.136,60.008,98.484
352,0.9,0.020738633,0.004573826,0.016164807,4.534198102,0.696714206,0.556882663,0.112039654,34.845,60.641,99.416
353,0.9,0.02071502,0.003607295,0.017107725,5.742534928,0.732086204,0.537730628,0.111488833,34.041,59.907,97.844
354,0.9,0.01995364,0.003532193,0.016421447,5.649079958,0.682683831,0.54692188,0.109980041,34.615,61.155,99.184
355,0.9,0.019998392,0.003050512,0.01694788,6.555748554,0.705314267,0.537396426,0.109164501,34.125,60.235,98.996
356,0.9,0.02117702,0.00409141,0.01708561,5.175970931,0.721618222,0.55696474,0.110601774,34.337,60.254,97.864
357,0.9,0.021188358,0.004525411,0.016662947,4.682085268,0.728764209,0.540656601,0.118900394,34.178,60.356,98.508
358,0.9,0.019974425,0.003063857,0.016910568,6.519372224,0.688542372,0.529416846,0.118873268,34.287,60.437,98.048
359,0.9,0.020212178,0.003636141,0.016576037,5.558689771,0.696940404,0.548129044,0.1087926,34.381,60.908,98.636
360,0.95,0.022605394,0.004177997,0.018427397,5.410581194,0.739187712,0.578815165,0.11521498,32.72,57.583,95.408
361,0.95,0.021991371,0.003924675,0.018066695,5.6033605,0.744830978,0.554737527,0.11835074,32.509,57.376,95.256
362,0.95,0.022657649,0.003896448,0.0187612,5.814949041,0.750096589,0.579669147,0.112045717,32.301,57.536,94.108
363,0.95,0.020940795,0.003296021,0.017644774,6.353355678,0.719684037,0.557837448,0.107751131,32.686,57.856,95.164
364,0.95,0.022622222,0.003862989,0.018759233,5.856144726,0.722500666,0.593443891,0.112451313,32.131,56.786,93.088
365,0.95,0.022019217,0.00397795,0.018041267,5.535317368,0.75175985,0.564600239,0.110325556,32.441,57.165,94.98
366,0.95,0.022080851,0.003946008,0.018134843,5.595743615,0.744683411,0.561947526,0.114979216,32.57,57.173,94.512
367,0.95,0.021981022,0.003841338,0.018139684,5.722230308,0.71134995,0.583495806,0.112007414,32.626,57.18,95.376
368,0.95,0.022375203,0.004292842,0.018082361,5.212212634,0.726691565,0.57715814,0.11736069,32.575,58.172,95.912
369,0.95,0.021125798,0.003442756,0.017683042,6.136304196,0.727486566,0.552806461,0.111370403,32.689,57.226,96.052
370,0.95,0.02451712,0.005054736,0.019462384,4.850326275,0.797409779,0.586398084,0.12075544,31.973,56.235,93.372
371,0.95,0.021337969,0.003450649,0.017887319,6.183754571,0.731263116,0.552531618,0.11421741,32.213,57.3,95.556
372,0.95,0.021424805,0.003429433,0.017995372,6.247332171,0.737143731,0.561522963,0.107842829,32.12,57.082,94.312
373,0.95,0.0215812,0.003556317,0.018024883,6.068413297,0.739284399,0.565025267,0.106740996,32.605,57.246,94.532
374,0.95,0.019918793,0.003429976,0.016488817,5.807269581,0.711453794,0.542594122,0.10257232,32.643,57.691,94.7
375,0.95,0.022566466,0.00424904,0.018317426,5.310955833,0.732756437,0.580284824,0.116056514,32.727,58.091,95.596
376,0.95,0.020741209,0.00359636,0.01714485,5.76727916,0.733207329,0.544606131,0.108122972,32.373,57.143,95.336
377,0.95,0.021550048,0.003429307,0.018120741,6.284081904,0.735209903,0.558135424,0.112546355,32.252,56.801,94.804
378,0.95,0.02263767,0.003930258,0.018707412,5.759842913,0.754162071,0.570137909,0.11592519,32.224,56.817,93.496
379,0.95,0.021482279,0.004286531,0.017195748,5.011576424,0.724948521,0.55176556,0.118565,32.249,56.939,94.132
