,disp_mort,alphavar,gammavar,betavar,betavar_,alphavar corner,alphavar side,alphavar center,size corner,size side,size center
0,0.05,0.011537587,0.001345567,0.01019202,8.574516586,0.466821681,0.420125944,0.090076427,81.443,102.972,129.368
1,0.05,0.011853155,0.001258345,0.01059481,9.419636307,0.488836779,0.420465823,0.086429816,80.048,102.942,129.38
2,0.05,0.012040402,0.001349061,0.010691341,8.925025297,0.481917684,0.424277309,0.093015415,80.433,101.925,129.14
3,0.05,0.012191882,0.001198465,0.010993417,10.17291147,0.498629832,0.424965455,0.087120914,80.249,103.248,129.724
4,0.05,0.012521936,0.001251478,0.011270458,10.00571798,0.543067188,0.416523226,0.076155173,80.15,102.579,130.108
5,0.05,0.012230765,0.001654715,0.01057605,7.391463168,0.506725306,0.411563674,0.093364838,80.62,102.47,129.64
6,0.05,0.012264467,0.001637696,0.010626771,7.48885583,0.50046405,0.412705994,0.098028486,80.347,103.148,131.132
7,0.05,0.011528289,0.001414464,0.010113825,8.150287475,0.475225466,0.422789843,0.08234737,80.565,102.762,127.668
8,0.05,0.012572629,0.001595688,0.010976941,7.879128314,0.504669396,0.431482209,0.08939002,80.447,102.643,130.296
9,0.05,0.012190291,0.001690859,0.010499432,7.209526061,0.508128816,0.41314,0.090393158,79.955,102.789,128.844
10,0.05,0.012267956,0.001497588,0.010770368,8.191808601,0.509731486,0.416944348,0.088575683,80.145,102.986,128.808
11,0.05,0.011876236,0.001380761,0.010495475,8.601225402,0.492643557,0.423892812,0.081805481,80.403,102.287,129.436
12,0.05,0.012035862,0.001434053,0.010601809,8.392900632,0.49701761,0.420868286,0.086701279,80.987,102.996,131.432
13,0.05,0.012471722,0.001691129,0.010780593,7.374791536,0.527506418,0.414112852,0.086538843,79.302,102.248,129.148
14,0.05,0.012027008,0.001491114,0.010535895,8.065788994,0.485924468,0.429258089,0.086402936,80.723,102.43,130.4
15,0.05,0.011540523,0.001449984,0.010090539,7.959068982,0.49016041,0.401723112,0.090491937,80.827,102.707,129.556
16,0.05,0.011130395,0.001312227,0.009818168,8.482066165,0.476736524,0.398370106,0.08911153,79.721,101.716,129.38
17,0.05,0.011303338,0.001381288,0.009922049,8.183185315,0.464557807,0.404008725,0.097360854,80.328,102.217,129.896
18,0.05,0.011547159,0.001405031,0.010142127,8.21843428,0.47784477,0.419788501,0.084115916,80.587,102.453,129.46
19,0.05,0.011612337,0.001409214,0.010203123,8.240292283,0.499557816,0.401182939,0.087490609,80.896,102.534,129.688
20,0.1,0.011437913,0.001502535,0.009935378,7.612410879,0.497755068,0.394716722,0.087913302,79.195,100.212,125.768
21,0.1,0.011849413,0.00140826,0.010441153,8.414222937,0.496561866,0.413883764,0.086505732,78.813,100.503,126.564
22,0.1,0.012709763,0.001458057,0.011251706,8.716918051,0.513103347,0.425807971,0.092383112,78.817,100.098,125.412
23,0.1,0.01219752,0.001639034,0.010558487,7.441897856,0.502551308,0.422867256,0.086318287,78.395,100.341,127.18
24,0.1,0.011730663,0.001480011,0.010250652,7.926065893,0.479746447,0.413616875,0.093247833,78.465,99.47,125.548
25,0.1,0.012535219,0.001682023,0.010853196,7.45246467,0.485580187,0.440465078,0.092818373,79.199,100.34,126.652
26,0.1,0.012382599,0.001461705,0.010920894,8.471341498,0.505050741,0.428429504,0.085379216,79.356,100.445,126.108
27,0.1,0.012508877,0.001354969,0.011153907,9.231854026,0.516787115,0.416803175,0.091125669,78.937,99.95,125.192
28,0.1,0.011824537,0.001513293,0.010311244,7.813779082,0.483730532,0.419022577,0.089213768,79.239,100.505,125.96
29,0.1,0.012534701,0.001429591,0.011105111,8.76803508,0.513538647,0.422511556,0.090516853,77.287,100.86,126.204
30,0.1,0.011932934,0.001418089,0.010514845,8.414799694,0.493981451,0.411248421,0.092515895,79.436,100.698,127.292
31,0.1,0.012045303,0.001316653,0.01072865,9.148428352,0.479253894,0.429403045,0.090458266,79.564,100.183,126.84
32,0.1,0.012119396,0.001544471,0.010574926,7.846957316,0.47704184,0.429771427,0.093844271,79.663,100.46,125.892
33,0.1,0.011891984,0.001351745,0.010540239,8.797507727,0.493906486,0.403245726,0.097906116,78.479,100.195,125.892
34,0.1,0.01260777,0.002083904,0.010523866,6.050072304,0.491662661,0.437866265,0.093134282,78.976,99.055,126.712
35,0.1,0.012447071,0.001543693,0.010903379,8.063180464,0.506018022,0.42388523,0.090405974,78.73,99.972,125.564
36,0.1,0.011539902,0.001459033,0.010080868,7.909279006,0.479688643,0.41021047,0.090382251,79.071,101.063,126.212
37,0.1,0.012158958,0.001408338,0.01075062,8.633553665,0.510087517,0.409919574,0.090221863,79.576,100.786,125.84
38,0.1,0.011784711,0.001630483,0.010154229,7.227743838,0.499961162,0.410018097,0.086200806,78.353,100.639,126.076
39,0.1,0.012430599,0.001510984,0.010919615,8.226822994,0.500280959,0.426127954,0.091751776,79.36,100.909,126.244
40,0.15,0.012215539,0.001577319,0.01063822,7.744495443,0.488640228,0.421637143,0.095891704,77.645,97.999,122.82
41,0.15,0.012996082,0.001594137,0.011401945,8.152424589,0.52477379,0.431084946,0.089300942,77.333,98.002,122.692
42,0.15,0.012654652,0.001618341,0.011036311,7.819519995,0.490014583,0.434205451,0.098035836,78.271,98.032,121.98
43,0.15,0.011702275,0.001351839,0.010350436,8.656561454,0.494872316,0.411729483,0.084443624,77.665,97.855,124.844
44,0.15,0.013210561,0.00160956,0.011601002,8.207562998,0.514735549,0.436652338,0.096548831,77.706,97.081,120.532
45,0.15,0.01207546,0.001418391,0.010657069,8.51348898,0.495432455,0.413988894,0.093499974,77.942,98.329,123.104
46,0.15,0.013797007,0.001724373,0.012072634,8.00117537,0.516102691,0.459445017,0.095015098,76.887,97.716,121.196
47,0.15,0.012843443,0.001577325,0.011266118,8.142547531,0.493586449,0.433847713,0.1014929,78.285,97.646,121.9
48,0.15,0.012515631,0.001746819,0.010768812,7.16481125,0.500727513,0.427577151,0.092370734,77.412,97.514,121.584
49,0.15,0.013372215,0.001702817,0.011669397,7.852993738,0.505612086,0.451297827,0.095661313,78.034,97.742,121.792
50,0.15,0.01263927,0.001828878,0.010810392,6.910942336,0.510840269,0.415891813,0.099125554,76.987,97.687,120.136
51,0.15,0.012492384,0.001234152,0.011258232,10.12224111,0.511886762,0.412737349,0.09669136,77.243,97.948,121.576
52,0.15,0.012682157,0.00181042,0.010871737,7.00509149,0.509766914,0.426670328,0.092211194,77.727,97.287,121.5
53,0.15,0.01138643,0.00135902,0.010027409,8.378411068,0.477101439,0.405012195,0.091172366,77.921,98.868,124.232
54,0.15,0.01136013,0.001562288,0.009797842,7.271469206,0.466373977,0.404530188,0.097412278,77.427,97.738,123.264
55,0.15,0.012645367,0.001507228,0.011138139,8.389815307,0.501366963,0.432450451,0.091989221,77.935,98.219,121.7
56,0.15,0.012598101,0.001550638,0.011047463,8.124463685,0.492681224,0.430188077,0.098139947,77.205,98.121,121.6
57,0.15,0.012048319,0.00159442,0.010453899,7.556551576,0.487078235,0.420621641,0.092631148,77.814,97.8,123.1
58,0.15,0.011903539,0.001535113,0.010368426,7.754176134,0.482642811,0.419319922,0.092222914,77.704,98.842,121.964
59,0.15,0.012723182,0.001550014,0.011173168,8.208429653,0.490479259,0.433874175,0.10017563,77.74,97.881,121.828
60,0.2,0.013511475,0.001724407,0.011787068,7.835431569,0.539270781,0.433571906,0.092421646,75.531,95.603,117.968
61,0.2,0.013039702,0.001356242,0.01168346,9.614585345,0.527538822,0.427599305,0.090615656,75.836,95.167,117.608
62,0.2,0.013076338,0.001628867,0.011447472,8.02787582,0.522250116,0.422152116,0.099394077,76.525,95.746,118.488
63,0.2,0.013476431,0.001681279,0.011795151,8.015580801,0.519902534,0.435422914,0.102044275,75.864,94.829,116.62
64,0.2,0.012314983,0.001446101,0.010868882,8.515990108,0.485639078,0.426454351,0.097048621,75.593,95.243,119.376
65,0.2,0.012721669,0.001349012,0.011372657,9.430361529,0.52313566,0.416638123,0.093312809,75.451,94.815,119.884
66,0.2,0.01326351,0.001679744,0.011583766,7.896148405,0.507915936,0.438649225,0.100723464,76.358,95.146,117.916
67,0.2,0.013058782,0.001746919,0.011311864,7.475323409,0.505816949,0.441533646,0.093939858,76.017,94.616,118.04
68,0.2,0.01322767,0.00158974,0.01163793,8.320650832,0.507998785,0.442641254,0.097316851,75.345,95.624,119.912
69,0.2,0.01245361,0.001869558,0.010584052,6.661259631,0.509736394,0.418758463,0.091677362,76.115,95.129,118.164
70,0.2,0.012859995,0.001586938,0.011273057,8.103652103,0.505240273,0.438337326,0.091222433,75.654,95.162,118.628
71,0.2,0.012705793,0.001433601,0.011272193,8.862854306,0.49704255,0.434326746,0.094921027,76.184,95.591,119.228
72,0.2,0.013005492,0.001881593,0.011123899,6.911958238,0.512652066,0.441944412,0.087178304,76.665,95.369,117.232
73,0.2,0.013490457,0.001734954,0.011755503,7.77568454,0.529704454,0.438252192,0.094396946,75.511,94.958,118.616
74,0.2,0.012750441,0.001666456,0.011083985,7.651229608,0.510411223,0.428258352,0.092612704,75.581,95.532,117.256
75,0.2,0.012736705,0.001703666,0.011033039,7.476057132,0.508724179,0.425163947,0.095761101,75.568,94.903,119.024
76,0.2,0.013155296,0.001507604,0.011647692,8.725963564,0.515579303,0.441653733,0.090998516,75.219,95.788,117.076
77,0.2,0.013118829,0.00146215,0.011656679,8.972286586,0.532478529,0.423418784,0.092926682,77.238,95.75,119.964
78,0.2,0.013347705,0.00185619,0.011491516,7.190917219,0.523677086,0.432531812,0.098559721,75.652,96.077,117.3
79,0.2,0.01315796,0.001676052,0.011481908,7.850567133,0.508280611,0.443774414,0.093903624,75.512,95.672,117.996
80,0.25,0.01333211,0.001589273,0.011742837,8.38880787,0.52867077,0.432614289,0.094121495,75.172,93.682,116.448
81,0.25,0.013490395,0.001382065,0.01210833,9.761042335,0.528108484,0.441470383,0.092142349,74.162,92.067,114.7
82,0.25,0.013530939,0.001491933,0.012039006,9.069402388,0.531059401,0.43734561,0.094577432,73.909,92.596,112.732
83,0.25,0.013455364,0.001564597,0.011890768,8.599893112,0.517106564,0.450969709,0.090646121,74.989,92.725,116.4
84,0.25,0.014086848,0.001827328,0.01225952,7.708987483,0.525490721,0.444131309,0.10836301,75.367,92.602,113.204
85,0.25,0.013560827,0.001802183,0.011758644,7.524668409,0.508537884,0.447458379,0.101802252,75.191,92.286,116.196
86,0.25,0.014733476,0.00200987,0.012723606,7.33056254,0.544906146,0.46012037,0.101334911,75.816,93.401,114.732
87,0.25,0.01402162,0.001800167,0.012221453,7.78906553,0.535997293,0.440847651,0.102912666,75.366,93.187,116.564
88,0.25,0.013580059,0.001730627,0.011849432,7.846900115,0.523749666,0.443049725,0.096493049,74.196,92.954,114.916
89,0.25,0.014299586,0.001903434,0.012396152,7.512519584,0.527515383,0.46487982,0.096994931,74.087,92.502,114.064
90,0.25,0.014295673,0.001835485,0.012460188,7.788500301,0.560878034,0.434554626,0.099066082,75.208,92.935,114.376
91,0.25,0.0133377,0.001655692,0.011682008,8.055665877,0.513311948,0.434610343,0.102977339,74.499,93.139,115.864
92,0.25,0.012860441,0.001443486,0.011416955,8.909291744,0.503742259,0.436970623,0.093226367,74.069,92.626,115.356
93,0.25,0.013819827,0.001605005,0.012214822,8.610455714,0.517185821,0.458258236,0.09469988,75.508,92.672,114.868
94,0.25,0.013336262,0.001991089,0.011345173,6.697973993,0.515711261,0.437574875,0.099235693,74.015,93.302,115.496
95,0.25,0.013030295,0.001712185,0.01131811,7.610331344,0.515885693,0.439616582,0.08839154,73.595,93.268,114.144
96,0.25,0.01354505,0.001734689,0.011810361,7.80834358,0.533273497,0.437174222,0.093576788,74.159,93.449,112.424
97,0.25,0.01353956,0.001299379,0.01224018,10.42002018,0.515947603,0.440738709,0.101367002,75.98,93.02,115.272
98,0.25,0.013191305,0.001644927,0.011546378,8.019385826,0.524289028,0.438443011,0.087979976,74.714,93.383,114.528
99,0.25,0.014041952,0.001780309,0.012261643,7.887367601,0.524900769,0.453289822,0.10068229,74.894,92.588,115.148
100,0.3,0.01370689,0.001571653,0.012135236,8.721318215,0.516500171,0.45283703,0.096093434,73.855,90.261,111.12
101,0.3,0.014090532,0.001584618,0.012505914,8.892068701,0.526730778,0.456424938,0.097780546,73.417,90.409,111.664
102,0.3,0.014546078,0.001661253,0.012884824,8.756086472,0.531878684,0.462321585,0.102668022,73.262,90.144,110.228
103,0.3,0.015304603,0.002013829,0.013290775,7.599754457,0.56868366,0.469837406,0.093975774,72.555,90.368,110.256
104,0.3,0.013520927,0.001852722,0.011668205,7.297870928,0.516747892,0.440166772,0.100445199,74.882,90.249,113.304
105,0.3,0.013949297,0.001777661,0.012171635,7.846993019,0.522654578,0.45489644,0.097699135,73.83,90.758,111.3
106,0.3,0.014394906,0.001415287,0.012979619,10.17101348,0.532821763,0.460120874,0.099411559,74.188,90.217,112.232
107,0.3,0.013546629,0.001456164,0.012090465,9.302954929,0.526707875,0.441378265,0.095063157,72.228,90.457,112.544
108,0.3,0.013709569,0.001603466,0.012106103,8.549959055,0.517527556,0.438831887,0.107026158,73.245,89.731,110.22
109,0.3,0.014017006,0.001707936,0.012309071,8.20698667,0.546326338,0.439122835,0.097166909,72.774,90.522,111.72
110,0.3,0.014086509,0.001396431,0.012690078,10.08750626,0.529140353,0.46167649,0.092302974,72.578,90.888,110.564
111,0.3,0.013708197,0.001924832,0.011783365,7.121762443,0.528578401,0.440292837,0.098463359,73.492,90.402,112.304
112,0.3,0.0138718,0.001781278,0.012090522,7.787554073,0.53336701,0.441073907,0.10019905,73.02,90.856,111.66
113,0.3,0.014462739,0.001764527,0.012698212,8.196383305,0.543348769,0.458404209,0.095926625,72.619,90.21,110.744
114,0.3,0.013578041,0.001764362,0.011813679,7.695723558,0.517990909,0.452010124,0.092345264,73.604,89.992,112.6
115,0.3,0.013098941,0.00168362,0.011415321,7.780223004,0.496459519,0.43913426,0.102512644,73.071,90.4,110.352
116,0.3,0.014225972,0.001744868,0.012481104,8.153036601,0.52972759,0.460916759,0.096500078,73.491,90.39,113.396
117,0.3,0.014183852,0.002165706,0.012018146,6.549297438,0.538130499,0.443418018,0.10375089,73.852,90.863,111.852
118,0.3,0.01415302,0.001569965,0.012583055,9.014861328,0.53064636,0.452188844,0.100256859,74.906,90.982,112.924
119,0.3,0.014385112,0.001661129,0.012723983,8.659840901,0.515159335,0.475507966,0.098297357,73.867,90.382,112.036
120,0.35,0.01406444,0.001799155,0.012265285,7.817247411,0.53703089,0.450870791,0.09457771,71.983,88.369,107.5
121,0.35,0.014068516,0.001883231,0.012185286,7.47041653,0.545467203,0.444247596,0.095414738,71.36,88.28,109.608
122,0.35,0.01415897,0.001728833,0.012430137,8.189902308,0.511057181,0.468423213,0.100155695,71.79,88.352,106.628
123,0.35,0.014975384,0.001685412,0.013289972,8.885293668,0.540279075,0.468487841,0.104797301,71.31,88.092,107.244
124,0.35,0.013926505,0.001520238,0.012406267,9.160738469,0.535222099,0.435793363,0.10412621,72.609,89.189,108.272
125,0.35,0.014943168,0.001918997,0.01302417,7.786966384,0.562119008,0.460365443,0.095655923,71.634,88.309,108.824
126,0.35,0.015086997,0.001683074,0.013403923,8.963955526,0.537925153,0.475177773,0.103241779,71.753,87.152,107.588
127,0.35,0.014561362,0.001401213,0.013160148,10.39196646,0.544088965,0.455866082,0.099886767,72.363,88.641,108
128,0.35,0.013534154,0.001508882,0.012025272,8.969657924,0.533565052,0.435387767,0.093939997,71.341,87.876,107.352
129,0.35,0.014728282,0.001804217,0.012924065,8.16325377,0.552988031,0.461740277,0.093577413,72.643,88.255,107.052
130,0.35,0.015143488,0.001670019,0.013473469,9.067854021,0.552092263,0.466597135,0.102151903,71.723,88.005,106.66
131,0.35,0.013668754,0.001604756,0.012063998,8.51765136,0.524086312,0.454141628,0.089180993,71.615,88.441,108.172
132,0.35,0.014464635,0.002008746,0.01245589,7.200830069,0.520824562,0.467829507,0.102805407,72.125,88.57,106.8
133,0.35,0.014569351,0.001874021,0.012695329,7.774378495,0.510758969,0.481752761,0.10105732,72.957,88.324,107.952
134,0.35,0.015052872,0.001959303,0.013093569,7.682768368,0.532329539,0.483865806,0.09881627,72.152,87.397,108.164
135,0.35,0.014221228,0.002298281,0.011922947,6.187768057,0.542890279,0.44314732,0.101627461,71.114,88.497,106.236
136,0.35,0.014654746,0.001691125,0.012963621,8.665679219,0.540334079,0.461874697,0.1004932,71.363,88.381,107.12
137,0.35,0.015500853,0.001888692,0.013612161,8.207188606,0.558371711,0.475540253,0.101680487,70.954,87.936,107.868
138,0.35,0.015165455,0.002083787,0.013081668,7.277832977,0.533977797,0.477681021,0.105719071,72.139,86.799,107
139,0.35,0.015027317,0.001700648,0.013326669,8.836230367,0.561541489,0.457714241,0.099686711,71.756,87.444,106.652
140,0.4,0.015444122,0.001705138,0.013738985,9.057405365,0.544716877,0.472754923,0.110586009,70.396,85.71,103.696
141,0.4,0.01464111,0.001645547,0.012995563,8.897411828,0.529842742,0.461910651,0.106420351,70.611,85.12,102.376
142,0.4,0.014676612,0.001781129,0.012895484,8.240063197,0.517970714,0.473520258,0.106246631,69.724,85.541,103.884
143,0.4,0.015600068,0.002125735,0.013474333,7.338669619,0.567330943,0.473161825,0.098850798,69.785,85.372,101.68
144,0.4,0.015628484,0.002102487,0.013525997,7.433332516,0.571725292,0.462994718,0.104706456,70.434,85.16,103.084
145,0.4,0.015708456,0.001759504,0.013948952,8.927777302,0.548308302,0.488726985,0.102076784,70.791,85.593,103.54
146,0.4,0.015325103,0.001828355,0.013496747,8.381906214,0.562021755,0.464419543,0.102289455,69.797,85.233,103.304
147,0.4,0.013820671,0.001894432,0.011926239,7.295415425,0.526098624,0.454411976,0.091020335,70.263,84.589,103.176
148,0.4,0.01516209,0.002029148,0.013132942,7.472144907,0.546536083,0.470492005,0.103321274,70.263,86.148,104.704
149,0.4,0.0149254,0.001768272,0.013157128,8.440669207,0.544522152,0.465398204,0.101843457,70.851,85.453,105.232
150,0.4,0.015605847,0.001955829,0.013650017,7.979145532,0.568690751,0.473371536,0.098413501,70.374,85.464,105.152
151,0.4,0.015370656,0.002032051,0.013338604,7.564107407,0.536389088,0.481079867,0.106567552,71.028,84.624,103.004
152,0.4,0.015664857,0.001679373,0.013985483,9.327798107,0.564631991,0.480459294,0.09653367,70.848,85.985,103.72
153,0.4,0.013802178,0.001725018,0.01207716,8.001180645,0.514875646,0.459941848,0.094112305,69.848,85.915,103.616
154,0.4,0.015166354,0.001549516,0.013616839,9.787801622,0.55215684,0.453047738,0.113410039,70.394,84.805,103.584
155,0.4,0.01464072,0.001710819,0.0129299,8.557723872,0.543101159,0.45010825,0.106950839,70.303,85.257,102.112
156,0.4,0.014998367,0.001836705,0.013161663,8.165910602,0.559577901,0.454844905,0.102121894,70.758,84.63,103.664
157,0.4,0.014840575,0.001829775,0.0130108,8.110600251,0.511232278,0.489413296,0.102218241,70.88,84.929,103.716
158,0.4,0.015014009,0.002164125,0.012849884,6.937681343,0.546441148,0.46974361,0.098990415,71.566,85.514,104.316
159,0.4,0.014547099,0.001530923,0.013016176,9.502174622,0.531376383,0.452641822,0.110202574,70.272,85.42,102.312
160,0.45,0.015351408,0.001793294,0.013558114,8.560454151,0.567444091,0.456359516,0.104382649,70.265,83.269,100.644
161,0.45,0.015017363,0.001743697,0.013273666,8.612370473,0.560268618,0.449708887,0.10613118,68.209,81.897,99.552
162,0.45,0.016154505,0.001678689,0.014475816,9.623285208,0.554860153,0.482844515,0.114326464,68.884,82.632,100.592
163,0.45,0.017399182,0.001844477,0.015554705,9.433124513,0.59588069,0.494837625,0.11101344,67.871,81.937,100.68
164,0.45,0.016138395,0.001798153,0.014340241,8.974982836,0.546291884,0.502575089,0.103297259,68.826,82.913,98.276
165,0.45,0.014532822,0.00210081,0.012432012,6.917722895,0.530733277,0.463220162,0.101435023,69.186,83.308,99.096
166,0.45,0.0163978,0.002572172,0.013825628,6.375079862,0.588118606,0.473213398,0.106469681,68.941,82.984,99.68
167,0.45,0.01604781,0.002119699,0.013928111,7.570795735,0.568735517,0.472561753,0.111011938,68.518,82.964,100.684
168,0.45,0.016432405,0.001993683,0.014438723,8.242237568,0.557328956,0.499925574,0.10637982,68.686,82.584,99.768
169,0.45,0.015601873,0.002245907,0.013355965,6.946801991,0.561713673,0.466342674,0.108023346,68.986,82.527,99.764
170,0.45,0.015592765,0.002118533,0.013474232,7.360171238,0.560738183,0.47146039,0.104951796,67.627,82.794,99.996
171,0.45,0.016182745,0.002174781,0.014007964,7.441091903,0.571836074,0.489063715,0.098551716,67.847,82.861,98.052
172,0.45,0.016807365,0.002137475,0.014669889,7.863185343,0.582554013,0.490729158,0.107394498,68.351,81.934,99.076
173,0.45,0.016954696,0.001945855,0.015008841,8.713237701,0.590540314,0.483451565,0.11200055,68.069,82.723,99.284
174,0.45,0.015451179,0.002237739,0.01321344,6.904816883,0.552547822,0.482742585,0.096540467,68.949,83.092,100.208
175,0.45,0.015461386,0.002130318,0.013331069,7.257784691,0.557612631,0.464334173,0.108735965,69.473,83.067,100.692
176,0.45,0.015511296,0.002044469,0.013466828,7.586957061,0.553394991,0.489683564,0.092096386,68.813,83.202,100.188
177,0.45,0.015226557,0.001719165,0.013507392,8.85694696,0.544069984,0.473329754,0.103834251,69.757,83.155,99.592
178,0.45,0.0148482,0.001747894,0.013100307,8.494910913,0.537032915,0.470848476,0.099355848,70.095,83.328,100.532
179,0.45,0.015433926,0.001758984,0.013674942,8.774340878,0.53533568,0.487166571,0.104112322,69.265,83.665,101.324
180,0.5,0.015860636,0.001923859,0.013936777,8.244176569,0.560473402,0.473899085,0.109496528,67.409,81.756,95.496
181,0.5,0.017303716,0.002035916,0.0152678,8.49922944,0.584307862,0.50490523,0.107594455,66.319,79.535,96.592
182,0.5,0.015606626,0.001666094,0.013940532,9.367195572,0.546731797,0.473068845,0.111874757,68.122,79.882,95.444
183,0.5,0.016042118,0.002103742,0.013938376,7.625516568,0.554935429,0.491574297,0.103671554,68.469,80.274,96.792
184,0.5,0.016071218,0.001742388,0.01432883,9.223673864,0.545336703,0.494016608,0.10909444,67.302,79.597,96.944
185,0.5,0.016152256,0.002040976,0.01411128,7.913985094,0.557923918,0.468867541,0.123783641,67.48,81.605,95.752
186,0.5,0.015696541,0.001923262,0.013773279,8.16141557,0.545030916,0.47776968,0.112559314,67.997,80.02,96.86
187,0.5,0.017493717,0.002201235,0.015292482,7.947228742,0.590668851,0.500414089,0.1115749,67.144,80.111,96.348
188,0.5,0.017134287,0.002306662,0.014827625,7.428172865,0.587718333,0.48775044,0.114729129,66.484,80.242,96.288
189,0.5,0.015800004,0.001491949,0.014308055,10.59017689,0.556365879,0.481249039,0.104446469,66.988,79.813,96.628
190,0.5,0.017015356,0.002609821,0.014405534,6.519739248,0.600590499,0.479748007,0.109055713,67.113,80.55,95.988
191,0.5,0.015693892,0.001928766,0.013765126,8.136753979,0.540765579,0.480370319,0.112941527,67.413,80.59,95.104
192,0.5,0.016923072,0.002238973,0.014684099,7.558408385,0.541587148,0.521448755,0.112263912,68.383,80.713,96.396
193,0.5,0.015581076,0.001750761,0.013830315,8.899602202,0.543673602,0.487093406,0.10183242,68.078,80.992,96.86
194,0.5,0.017017169,0.002006144,0.015011024,8.482525418,0.555192842,0.508405012,0.115242515,68.774,80.172,94.616
195,0.5,0.016226554,0.002026464,0.014200091,8.007325731,0.583882659,0.481779442,0.096616604,67.216,80.277,95.756
196,0.5,0.016274513,0.001826915,0.014447597,8.908193318,0.565200457,0.481150513,0.111901766,67.594,81.231,94.968
197,0.5,0.017655205,0.001972523,0.015682682,8.950571453,0.59982252,0.494741144,0.113972609,67.206,80.157,97.668
198,0.5,0.017150295,0.002196662,0.014953633,7.807434227,0.591342291,0.49450899,0.106826849,67.705,80.803,96.9
199,0.5,0.015956304,0.002007904,0.0139484,7.946747021,0.551458043,0.482813667,0.111470258,67.438,81.138,96.684
200,0.55,0.017883725,0.001847008,0.016036717,9.682536721,0.585588275,0.511149459,0.114958217,66.044,77,90.592
201,0.55,0.016757324,0.002103644,0.01465368,7.965855106,0.595578619,0.479148355,0.10524267,65.88,79.3,93.16
202,0.55,0.018287951,0.002187247,0.016100704,8.361174961,0.607143085,0.508698439,0.113788244,64.893,77.059,92.976
203,0.55,0.016673833,0.001720328,0.014953505,9.692241686,0.564949064,0.497816905,0.107714888,66.969,78.546,91.336
204,0.55,0.01720581,0.001974832,0.015230977,8.71254209,0.57281861,0.508731322,0.108109975,66.327,77.389,91.944
205,0.55,0.017275728,0.002320906,0.014954822,7.443528563,0.585615803,0.50049573,0.107905657,67.052,78.164,93.208
206,0.55,0.017900523,0.002101183,0.01579934,8.519259076,0.627692587,0.484377809,0.109867169,64.925,77.393,93.776
207,0.55,0.017609283,0.002030964,0.015578319,8.670407373,0.578401347,0.501937459,0.12135133,66.736,78.388,92.624
208,0.55,0.017153248,0.002181732,0.014971516,7.862217155,0.57733214,0.501525839,0.109784002,66.879,78.431,92.892
209,0.55,0.017005091,0.001824856,0.015180234,9.318591139,0.566794503,0.502352925,0.1125291,65.775,78.063,91.668
210,0.55,0.015647535,0.001813348,0.013834187,8.629085506,0.539607495,0.48195975,0.110984595,66.57,78.134,92.756
211,0.55,0.016530165,0.00201687,0.014513294,8.195948372,0.567339485,0.488200293,0.110704397,66.418,78.469,91.244
212,0.55,0.017715115,0.002545988,0.015169127,6.958052361,0.593440525,0.506561025,0.109971067,66.399,77.675,94.016
213,0.55,0.018527446,0.001969805,0.016557642,9.405727289,0.597048456,0.519501165,0.117438319,66.783,78.3,92.904
214,0.55,0.017986559,0.002069882,0.015916677,8.689652496,0.584512396,0.522996663,0.109917097,65.891,77.945,92.352
215,0.55,0.017259672,0.002118629,0.015141043,8.14662304,0.564829507,0.525337106,0.102323323,65.05,77.258,92.716
216,0.55,0.01621245,0.00189657,0.01431588,8.548299529,0.561415356,0.492097922,0.102976492,65.99,78.623,91.648
217,0.55,0.017073705,0.002121984,0.014951721,8.046103798,0.570754913,0.507932391,0.106453236,66.842,79.601,92.116
218,0.55,0.017052734,0.002759062,0.014293673,6.1806284,0.555396122,0.512702121,0.112852077,67.036,78.012,92.344
219,0.55,0.017297978,0.002029996,0.015267983,8.521190028,0.607129201,0.494175761,0.099708242,65.725,79.135,92.816
220,0.6,0.018160981,0.002442903,0.015718077,7.4341789,0.622484721,0.495387617,0.110388283,63.706,74.972,90.088
221,0.6,0.018076715,0.00173404,0.016342674,10.42462133,0.581633423,0.515712701,0.119426744,65.163,75.412,89.372
222,0.6,0.018561818,0.00241566,0.016146158,7.683954201,0.617426052,0.501914655,0.118097515,64.54,75.654,88.104
223,0.6,0.018517316,0.002175576,0.01634174,8.511455795,0.59027953,0.529274011,0.113240799,64.561,75.143,86.996
224,0.6,0.019556277,0.002452185,0.017104092,7.975040462,0.604333826,0.552208376,0.110432774,64.506,74.491,87.54
225,0.6,0.018490709,0.002589624,0.015901085,7.140307019,0.614600905,0.509128143,0.111835389,64.855,74.847,88.736
226,0.6,0.018939369,0.00244344,0.016495929,7.751107479,0.592081015,0.544256929,0.110068325,64.562,75.399,87.764
227,0.6,0.017482578,0.002012927,0.015469651,8.68515297,0.574945691,0.510881976,0.111472909,64.765,74.899,87.916
228,0.6,0.017433697,0.002303896,0.015129802,7.567052004,0.556917701,0.520398143,0.115562834,65.121,75.059,89.128
229,0.6,0.017813651,0.001767119,0.016046532,10.0806174,0.610505474,0.497045141,0.107352154,64.31,74.753,88.852
230,0.6,0.017273534,0.001789867,0.015483666,9.650733734,0.561120992,0.518671476,0.109333529,64.743,75.212,87.352
231,0.6,0.018574948,0.002218127,0.016356821,8.374158892,0.610858926,0.514216823,0.113989402,65.018,76.199,90.388
232,0.6,0.018581601,0.002019041,0.01656256,9.203182814,0.580986147,0.535657418,0.116097235,65.875,75.286,88.968
233,0.6,0.017999608,0.001945024,0.016054584,9.25418385,0.583558423,0.52446517,0.107646302,65.121,75.283,87.16
234,0.6,0.016984365,0.001512954,0.015471411,11.22596301,0.55405193,0.524250023,0.101678052,65.686,75.459,87.864
235,0.6,0.017996448,0.00206194,0.015934508,8.727919104,0.560228219,0.526800756,0.123562848,64.384,75.144,90.46
236,0.6,0.018364015,0.002192732,0.016171282,8.374946654,0.571460563,0.531911379,0.120239653,64.593,74.956,88.412
237,0.6,0.018577788,0.002334918,0.01624287,7.956504925,0.583909905,0.534658215,0.113889683,65.917,75.577,87.764
238,0.6,0.01824896,0.001880061,0.016368899,9.706579546,0.58992651,0.521941531,0.112495229,64.216,75.011,87.528
239,0.6,0.019862866,0.002946082,0.016916784,6.742129287,0.639600021,0.526021593,0.115915189,64.549,74.699,90.192
240,0.65,0.020289362,0.002719579,0.017569782,7.460478322,0.61663822,0.541027033,0.130103034,62.969,72.531,84.64
241,0.65,0.019427453,0.002619735,0.016807717,7.41580695,0.649315352,0.511004274,0.109431304,62.832,73.224,84.74
242,0.65,0.020090553,0.002639936,0.017450617,7.610243305,0.627743338,0.530058147,0.12597614,63.23,72.3,84.432
243,0.65,0.01794701,0.001995893,0.015951116,8.991968007,0.580976349,0.517854069,0.113712315,64.007,73.656,85.484
244,0.65,0.019133769,0.002439415,0.016694354,7.843589833,0.608322861,0.529440516,0.115410287,63.469,72.334,83.676
245,0.65,0.018189165,0.002191257,0.015997907,8.300788374,0.568504785,0.531176777,0.118337421,62.891,72.729,84.432
246,0.65,0.01989146,0.002383016,0.017508444,8.347178754,0.587495925,0.547310808,0.136204698,62.961,72.694,83.156
247,0.65,0.020518758,0.002991743,0.017527015,6.858462694,0.633441819,0.549123423,0.116581996,62.629,71.621,83.916
248,0.65,0.018667473,0.002388941,0.016278532,7.81412194,0.557922224,0.548532294,0.124403935,63.17,72.396,83.764
249,0.65,0.020264974,0.002288476,0.017976498,8.855225214,0.623794409,0.538567051,0.126498321,62.348,72.205,85.02
250,0.65,0.018502441,0.001984299,0.016518142,9.324421582,0.595950169,0.515191031,0.119940975,63.692,73.287,83.776
251,0.65,0.019513361,0.002456736,0.017056625,7.942800211,0.591335111,0.543836514,0.126114522,63.497,72.988,84.364
252,0.65,0.016972397,0.001857824,0.015114573,9.135631382,0.55600816,0.520368388,0.103756351,63.165,73.41,84.804
253,0.65,0.019611385,0.001968353,0.017643032,9.96334661,0.603775454,0.529873343,0.131235533,63.499,72.751,83.76
254,0.65,0.019679436,0.00241779,0.017261646,8.139431847,0.638249516,0.520146786,0.116316146,62.351,72.578,83.716
255,0.65,0.020349887,0.001856005,0.018493883,10.96435232,0.651728115,0.527528225,0.11633809,62.682,71.556,82.636
256,0.65,0.019337343,0.002453738,0.016883605,7.880769528,0.619487825,0.526951487,0.115598241,63.293,72.676,83.556
257,0.65,0.019091745,0.002131497,0.016960249,8.956966705,0.617527301,0.522309299,0.114032835,62.357,72.235,83.784
258,0.65,0.019152357,0.002171211,0.016981145,8.821046324,0.609140522,0.525821038,0.118685401,63.327,73.823,83
259,0.65,0.017855721,0.002270677,0.015585044,7.8636119,0.581676787,0.52178072,0.107844779,62.926,72.568,83.764
260,0.7,0.020907948,0.002703536,0.018204412,7.733555672,0.616242375,0.564809489,0.125312064,61.218,70.276,79.04
261,0.7,0.018317301,0.002280325,0.016036976,8.032759315,0.591946855,0.516237214,0.11766468,60.886,70.52,80.392
262,0.7,0.019005279,0.00227187,0.016733409,8.365478871,0.578940692,0.548751492,0.117142653,60.986,68.68,79.444
263,0.7,0.020448556,0.002689837,0.017758719,7.602153852,0.614377515,0.550585437,0.127004422,62.268,69.281,81.576
264,0.7,0.020389841,0.002204939,0.018184902,9.247347912,0.631111452,0.539055296,0.121993178,62.211,69.878,80.428
265,0.7,0.020076203,0.002206559,0.017869644,9.098420773,0.608794792,0.551283878,0.120788075,61.979,69.777,79.868
266,0.7,0.019050915,0.002145517,0.016905399,8.87940653,0.584632956,0.549087854,0.113692894,61.137,70.89,80.74
267,0.7,0.020230482,0.002412943,0.017817539,8.384152457,0.616018097,0.547941466,0.122123452,61.437,70.841,79.532
268,0.7,0.020238129,0.003063012,0.017175117,6.607263565,0.574897118,0.578534928,0.127527567,61.324,68.919,79.768
269,0.7,0.021589002,0.002424988,0.019164014,8.90272532,0.654269353,0.556617505,0.120597322,61.228,70.217,79.3
270,0.7,0.021290365,0.002340889,0.018949475,9.094989454,0.625988287,0.560512814,0.132531888,61.127,69.901,81.836
271,0.7,0.0196178,0.001996763,0.017621037,9.824800279,0.596530979,0.54455933,0.123917914,60.756,69.616,80.1
272,0.7,0.019781993,0.002121731,0.017660263,9.323518214,0.603468736,0.559193268,0.109408749,61.935,70.15,79.864
273,0.7,0.021588219,0.002465862,0.019122357,8.754838018,0.655791493,0.555899483,0.120849263,60.54,70.061,80.204
274,0.7,0.019812105,0.002118226,0.017693879,9.353157598,0.638697015,0.526949182,0.112622508,61.355,70.232,80.472
275,0.7,0.019426762,0.00219162,0.017235142,8.86410947,0.626154489,0.509042549,0.126771272,61.547,69.845,80.036
276,0.7,0.022119458,0.003408993,0.018710465,6.48856074,0.649937738,0.584643284,0.113995464,60.967,69.965,80.812
277,0.7,0.02005336,0.00179639,0.01825697,11.16314443,0.632105977,0.532497481,0.118705188,61.842,69.232,80.008
278,0.7,0.020522668,0.002326988,0.01819568,8.819412651,0.61324448,0.560048708,0.121715075,61.997,70.126,81.344
279,0.7,0.020127522,0.002001368,0.018126154,10.05688122,0.615388112,0.544065795,0.124215673,60.789,69.717,81.668
280,0.75,0.021207869,0.002803424,0.018404445,7.564988634,0.599632338,0.570823101,0.139821841,60.558,67.61,75.64
281,0.75,0.022656266,0.002677137,0.019979128,8.462870829,0.666014221,0.565486026,0.131913101,59.009,68.221,76.88
282,0.75,0.021077434,0.002193791,0.018883643,9.607766351,0.626251145,0.558588378,0.125854445,60.196,67.346,74.42
283,0.75,0.023116604,0.002332979,0.020783624,9.908618758,0.668063681,0.584310343,0.123890242,59.969,66.986,77.984
284,0.75,0.022358128,0.002829301,0.019528827,7.902350022,0.653028227,0.57716842,0.122998023,59.811,66.946,76.88
285,0.75,0.021749203,0.002480692,0.019268511,8.7673935,0.63874629,0.5595843,0.134066158,59.666,66.874,76.168
286,0.75,0.018273013,0.002139969,0.016133044,8.538915957,0.589847793,0.522860888,0.110795829,60.881,67.576,78.06
287,0.75,0.021957302,0.002150734,0.019806568,10.20921333,0.651653643,0.560072289,0.128005482,60.835,67.673,75.664
288,0.75,0.021520186,0.002423324,0.019096862,8.880440727,0.636770919,0.550874753,0.137227001,59.487,67.817,74.904
289,0.75,0.022235417,0.002677813,0.019557605,8.30357433,0.62501557,0.588364488,0.131945278,59.842,66.745,76.808
290,0.75,0.020983833,0.002729659,0.018254174,7.687344988,0.623730976,0.558008783,0.127018934,60.132,67.392,77.452
291,0.75,0.022228232,0.002557839,0.019670393,8.690239786,0.624384507,0.595632062,0.126127263,59.391,67.829,77.084
292,0.75,0.021843961,0.002366765,0.019477196,9.2294583,0.613844707,0.583862054,0.134435461,60.974,66.56,75.164
293,0.75,0.023834041,0.002804744,0.021029297,8.497760372,0.660296765,0.590638027,0.142752888,58.676,66.537,73.996
294,0.75,0.021368926,0.00271005,0.018658876,7.885068307,0.639525617,0.545140214,0.136242688,59.839,67.769,76.792
295,0.75,0.022601965,0.002236628,0.020365337,10.10537669,0.683814804,0.554883949,0.124462395,59.456,66.351,75.6
296,0.75,0.022209209,0.003052243,0.019156965,7.276355961,0.632132963,0.585995176,0.128003622,59.759,67.167,78.168
297,0.75,0.020394894,0.002667644,0.01772725,7.645283449,0.607965204,0.546152633,0.133022216,60.888,67.148,76.02
298,0.75,0.019472431,0.00235657,0.017115861,8.263038708,0.587106842,0.543945461,0.127277221,60.372,67.567,74.94
299,0.75,0.019960967,0.002149472,0.017811494,9.286449264,0.602268213,0.554812461,0.118318525,60.806,67.732,75.952
300,0.8,0.022766844,0.002721999,0.020044845,8.364015148,0.611070551,0.633238241,0.116345831,58.464,64.086,70.848
301,0.8,0.022825422,0.002288878,0.020536544,9.972317673,0.604549825,0.622958287,0.131420223,59.151,64.718,71.764
302,0.8,0.022991199,0.002523166,0.020468034,9.112045631,0.671287618,0.565101751,0.134150112,58.889,64.546,71.84
303,0.8,0.022598114,0.002779274,0.019818841,8.13094218,0.621998863,0.595125695,0.13623959,59.722,63.96,71.048
304,0.8,0.021547849,0.002127435,0.019420414,10.12855918,0.618057849,0.573521686,0.133011273,59.147,65.156,73.16
305,0.8,0.023283225,0.002713964,0.020569261,8.579045619,0.631647114,0.610460391,0.133321572,59.086,63.844,71.524
306,0.8,0.022712827,0.002518792,0.020194035,9.017347629,0.639130254,0.591845943,0.128869467,59.149,64.623,72.38
307,0.8,0.023387752,0.002621454,0.020766298,8.921671209,0.626666258,0.622754568,0.129430842,58.34,64.412,72.508
308,0.8,0.022872624,0.002723668,0.020148956,8.397729574,0.608461703,0.617380693,0.135596403,58.897,64.109,74.588
309,0.8,0.022394178,0.002214033,0.020180145,10.11465464,0.633831722,0.571658408,0.143212031,58.336,64.89,70.816
310,0.8,0.021834254,0.002658823,0.019175431,8.211998912,0.615767657,0.576679241,0.138522448,58.936,63.337,72.048
311,0.8,0.022656655,0.002454979,0.020201676,9.228858771,0.612767883,0.603905097,0.137769097,58.251,64.467,70.388
312,0.8,0.022273124,0.002289729,0.019983395,9.727405471,0.648890096,0.581070967,0.118931923,59.277,63.698,72.816
313,0.8,0.022958021,0.002909092,0.020048929,7.891817317,0.637743951,0.602856146,0.128113877,58.476,64.546,74.752
314,0.8,0.023980098,0.002500773,0.021479325,9.589074595,0.641926935,0.620988109,0.13458966,58.781,64.531,73.772
315,0.8,0.024438615,0.002959332,0.021479284,8.258153412,0.666211614,0.60241463,0.141934517,57.947,64.702,72.024
316,0.8,0.021830481,0.002233433,0.019597047,9.774403812,0.594867129,0.59346647,0.140276515,59.892,63.953,70.676
317,0.8,0.024366314,0.002433215,0.0219331,10.0140423,0.651892782,0.631674372,0.125278374,57.792,64.662,72.024
318,0.8,0.021113482,0.002640799,0.018472682,7.995110185,0.610207281,0.574138392,0.126585239,58.737,65.383,72.76
319,0.8,0.024744761,0.003378652,0.021366109,7.323855924,0.705076451,0.583821258,0.134944882,58.198,65.065,72.856
